x(nm),y(nm),z(nm),cluster label (-1 is noise)
10295.28,18791.24,56.54432,-1
10291.11,18793.07,49.49992,-1
10294.33,18792.71,37.12192,-1
10285.13,18791.65,70.33608,-1
10291.29,18790.69,57.66525,-1
10293.1,18801.82,78.91962,-1
10292.94,18788.4,27.22545,-1
10301.42,18796.54,40.34288,-1
10291.11,18788.75,62.24382,-1
10285.35,18798.07,46.02098,-1
10276.42,18780.31,12.47988,-1
10284.53,18778.11,34.47719,7
10294.95,18773.34,53.40752,-1
10281.83,18778.97,28.3245,-1
10286.58,18778.32,32.52456,7
10296.84,18772.54,79.36807,-1
10290.42,18778.59,63.80999,-1
10290.68,18788.23,64.15265,-1
10281.8,18777.41,-6.487266,-1
10283.89,18773.03,10.49697,1
10278.64,18771.78,2.839046,1
10298.54,18799.12,22.32749,-1
10304.13,18799.97,37.67863,-1
10307.92,18798.53,33.25096,-1
10296.92,18794.67,26.54748,-1
10296.24,18790.12,41.53725,-1
10302.24,18793.41,52.67247,-1
10374.88,18709.6,25.94229,2
10375.82,18708.74,19.92997,2
10375.43,18713.28,20.0637,2
10376.94,18764.19,51.16435,3
10372.36,18759.21,46.47455,3
10368.3,18765.16,65.80225,3
10373.06,18761.25,34.62951,3
10372.86,18763.36,35.50785,3
10325.56,18764.86,39.18044,4
10328.79,18761.66,33.36217,4
10329.89,18765.62,30.17471,4
10327.94,18763.11,36.26657,4
10330.56,18760.45,43.56624,4
10330.63,18759.71,30.04288,4
10334.76,18759.26,45.86655,4
10330.05,18760.31,40.307,4
10287.46,18766.2,0.3078089,1
10389.95,18735.94,52.5699,5
10365.97,18760.51,52.80973,3
10362.29,18758.98,29.46414,3
10364.68,18758.3,24.498,3
10366.71,18760.04,41.28933,3
10331.62,18771.53,62.66093,-1
10328.91,18769.59,37.07238,4
10325.34,18771.22,29.36313,-1
10322.75,18763.31,42.04269,4
10395.34,18742.86,54.45302,5
10393.78,18745.95,53.35186,5
10374.18,18711.33,20.68019,2
10367.57,18727.63,33.85036,-1
10371.68,18764.87,47.51738,3
10365.73,18757.12,30.61726,3
10362.96,18758.27,81.12254,-1
10362.71,18762.21,57.07182,3
10372.01,18710.09,3.47559,2
10368.21,18707.91,5.017135,2
10370.58,18710.46,9.797401,2
10367.74,18713.11,15.59617,2
10370.21,18705.95,9.818702,2
10369.83,18709.26,12.27618,2
10365.69,18713.9,7.794273,2
10367.59,18712.54,26.01117,2
10369.02,18714.18,21.59041,2
10280.43,18775.31,-2.339175,-1
10284.99,18772.81,16.86336,1
10281.98,18770.5,14.90058,1
10368.71,18754.82,57.20367,3
10365.33,18759.45,41.31642,3
10360.46,18756.97,30.82038,3
10316.46,18783.66,19.40329,-1
10308.12,18785.46,32.84708,4
10313.08,18778.05,30.90974,4
10312.1,18780.32,27.36052,4
10312.29,18786.62,38.30211,-1
10315.7,18776.95,56.22076,4
10391.65,18744.67,75.53597,5
10397.92,18750.55,45.64413,5
10394.17,18749.68,40.62584,5
10396.98,18748.97,40.17694,5
10380.95,18749.82,69.20641,-1
10392.1,18749.59,71.51199,5
10390.17,18755.96,66.68914,-1
10364.93,18765.42,39.47779,3
10373.46,18763.2,47.63866,3
10369.54,18760.61,34.10944,3
10391.97,18751.04,37.24614,5
10395.58,18750.9,53.97909,5
10404.83,18762.11,89.70881,-1
10369.93,18706.99,-8.331502,-1
10370.33,18757.1,54.98869,3
10366.57,18761.8,44.12922,3
10367.07,18763.59,45.01459,3
10366.02,18761.84,39.62276,3
10366.28,18761.16,38.94149,3
10367.54,18761.71,38.94826,3
10366.06,18762.24,61.20937,3
10324.92,18764.12,50.51417,4
10287.17,18774.94,9.778869,1
10285.5,18771.66,2.069328,1
10285.51,18769.8,22.26971,1
10335.3,18765.44,82.8646,-1
10326.98,18766.27,60.72163,4
10329.17,18771.53,46.25594,4
10394.8,18773.13,34.84303,8
10384.1,18773.49,7.863959,6
10383.94,18778.89,18.57582,6
10390.15,18783.25,0.8668093,-1
10385.44,18775.42,14.01416,6
10390.15,18782.37,31.77844,6
10383.39,18783.5,24.80883,-1
10381.53,18773.98,8.909039,6
10372.58,18797.62,79.58992,-1
10290.6,18771.79,4.939886,1
10287.52,18768.38,18.95255,1
10290.84,18773.87,35.18542,7
10288.12,18775.66,34.19506,7
10277.5,18774.3,13.08809,1
10292.71,18774.93,1.257021,1
10291.31,18772.49,7.061205,1
10289.58,18774.38,-1.294484,1
10288.42,18772.7,16.70077,1
10290.41,18773.7,9.462339,1
10290.57,18771.04,2.955338,1
10289.18,18774.19,7.352784,1
10289.68,18771.74,11.29608,1
10367.3,18762.29,38.72012,3
10363.04,18764.35,50.72628,3
10384.27,18785.95,40.6587,-1
10385.92,18777.48,4.842393,6
10384.71,18785.24,31.27749,6
10384.49,18786.26,32.21914,6
10380.96,18787.03,11.67375,-1
10383.96,18785.34,18.12244,-1
10387.25,18791.7,23.58646,-1
10385.31,18787.42,-0.07996759,-1
10386.44,18782.86,18.14005,6
10391.28,18790,56.29007,-1
10324.83,18764.6,35.61075,4
10332.31,18759.95,49.80442,4
10327.53,18763.36,58.13162,4
10331.41,18759.17,49.14036,4
10331.21,18759.47,12.62417,-1
10370.81,18708.86,13.97409,2
10377.93,18713.01,6.128137,2
10377.01,18712.4,9.724937,2
10378.15,18710.8,4.787114,2
10378.89,18712.61,2.687253,2
10392.95,18743.98,71.80371,5
10392.05,18747.52,73.92128,5
10393.37,18744.73,56.60649,5
10308.08,18781.16,37.39759,4
10310.73,18783,42.87803,4
10317.02,18775.69,65.56851,4
10378.4,18706.25,-28.62809,-1
10378.33,18716.41,10.66665,2
10364.47,18735.88,7.1894,-1
10410.45,18732.46,24.46412,-1
10394.33,18725.65,40.63059,-1
10328.22,18766.81,44.1285,4
10329.98,18770.47,48.93498,4
10327.02,18766.63,33.15004,4
10332.55,18764.01,46.47686,4
10329.92,18765.79,54.01964,4
10367.46,18758,41.1935,3
10366.92,18752.63,32.93809,3
10369.38,18761.47,42.62417,3
10367.47,18755.51,23.18868,3
10372.02,18760.39,46.73977,3
10373.72,18759.69,34.34841,3
10370.51,18761.98,39.47821,3
10366.91,18758.78,49.69065,3
10364.74,18761.17,54.77839,3
10365.47,18755,56.54086,3
10367.92,18763.81,47.94403,3
10365.61,18755.55,84.51676,-1
10387.8,18771.19,15.01139,6
10386.38,18777.78,20.15474,6
10387.87,18774.47,14.24346,6
10385.81,18773.47,-3.223503,-1
10384.06,18777.93,-4.31531,-1
10308.01,18774.88,40.3329,4
10310.41,18774.91,72.52537,4
10310.29,18779.76,45.30673,4
10313.53,18777.6,46.98001,4
10314.38,18776.93,44.49061,4
10314.76,18778.66,63.40908,4
10309.63,18777.1,45.4525,4
10315.15,18782.81,28.92105,4
10312.34,18777.99,52.4897,4
10317.69,18777.65,64.40681,4
10309.3,18779.58,80.94837,-1
10372.33,18762.51,49.98915,3
10367.36,18761.86,43.39114,3
10366.78,18759.88,37.08743,3
10365.52,18764.71,45.55623,3
10370.53,18761.52,47.12064,3
10371.44,18754.23,32.49309,3
10367.57,18755.37,42.64095,3
10363.65,18755.62,43.04024,3
10326.36,18760.19,33.56159,4
10380.46,18719.68,7.3337,2
10375.64,18711.76,8.917904,2
10367.49,18715.93,26.81787,2
10383.49,18721.2,16.20406,-1
10375.05,18716.94,21.04021,2
10377.26,18720.91,1.353402,-1
10325.76,18783.29,68.18445,-1
10312.03,18787.89,42.82114,4
10310.21,18779.64,26.31711,4
10312.33,18773.83,32.53425,4
10326.85,18779.95,43.80218,4
10376.73,18718.72,30.54951,2
10375.17,18718.76,30.12662,2
10373.14,18716.13,23.0651,2
10369.98,18712.37,2.759208,2
10371.78,18714.35,8.560668,2
10376.13,18712.82,20.08657,2
10376.38,18710.89,5.6666,2
10344.88,18733.33,31.63823,-1
10290.78,18773.15,16.40627,1
10287.15,18766.89,65.62651,-1
10276.13,18772.58,15.81258,1
10282.78,18770.86,23.18804,1
10281.49,18772.07,3.782033,1
10281.89,18771.22,26.3748,1
10285.78,18767.77,10.89661,1
10285.29,18770.13,12.59778,1
10372.76,18711.11,6.218244,2
10380.44,18705.86,-1.345985,2
10297.47,18705.49,-27.8791,-1
10325.5,18759.42,49.3715,4
10379.06,18759.97,-15.35231,-1
10383.57,18759.17,25.91642,-1
10388.5,18764.18,42.63018,8
10386.14,18777.16,34.00774,6
10387.84,18782.29,33.87995,6
10388.51,18780.75,26.48187,6
10383.79,18779.93,11.40083,6
10387.83,18776.78,11.51185,6
10390.27,18785.83,42.94817,-1
10388.86,18767.15,3.02406,6
10391.41,18773.86,28.24527,6
10307.28,18772.25,32.50255,4
10381.17,18722.95,72.8056,-1
10388.01,18780.02,32.45918,6
10390.92,18767,14.22498,6
10394.29,18766.58,30.68748,-1
10401.11,18769.75,23.35878,-1
10392.79,18768.5,19.67275,6
10388.1,18766.09,20.43126,6
10384.04,18744.21,59.67112,5
10387.73,18745.31,79.56393,5
10397.66,18756.04,86.99348,-1
10388.96,18737.94,41.84672,5
10377.47,18722.71,11.87449,-1
10368.57,18712.83,9.272176,2
10391.62,18773.12,22.50122,6
10400.66,18743.12,50.70014,5
10393.86,18737.67,52.70267,5
10397.41,18736.8,60.60803,5
10396.3,18741.79,74.93153,5
10367.04,18707.99,-2.657295,-1
10376.04,18707.45,14.9291,2
10309.65,18781.23,32.97067,4
10307.05,18774.19,40.71843,4
10371.75,18709.77,26.35152,2
10326.93,18773.3,24.71652,-1
10340.25,18767.96,1.83569,-1
10388.51,18739.61,41.77102,5
10392.28,18740.18,66.71252,5
10390.97,18740.89,50.73491,5
10393.65,18737.58,48.87263,5
10393.01,18740.53,71.27943,5
10311,18772.08,37.56315,4
10314.26,18772.82,43.45732,4
10308.92,18773.85,44.2071,4
10366.06,18698.08,-10.6931,-1
10374.72,18705.21,20.7525,2
10309.26,18774.44,38.0513,4
10359.38,18701.55,-1.908859,-1
10328.15,18767.58,57.26012,4
10314.23,18778.8,38.63746,4
10315.17,18779.67,53.35508,4
10315.86,18778.27,57.48638,4
10314.92,18779.41,39.95406,4
10389.03,18740.93,53.91441,5
10392.27,18736.46,52.67782,5
10389.96,18737.23,57.79119,5
10389.68,18750.57,80.50198,-1
10281.69,18767.26,-18.72617,-1
10285.43,18768.99,12.85804,1
10282.01,18767.28,10.7722,1
10288.72,18769.11,12.19611,1
10296.43,18772.91,16.92211,1
10284.27,18767.58,2.974297,1
10286.14,18767.92,10.80579,1
10294.07,18767.75,29.00497,-1
10310.99,18773.73,39.25801,4
10307.98,18815.71,143.267,-1
10295.1,18775.84,10.51099,1
10286.61,18765.93,15.87246,1
10282.66,18769.63,14.3177,1
10293.51,18764.01,12.84613,1
10287.89,18766.78,8.450924,1
10285.35,18764.05,18.12718,1
10398.68,18729.7,85.24042,-1
10394.75,18738.79,76.9351,5
10395.59,18734.93,69.03766,5
10387.65,18737.8,52.93742,5
10378.76,18708.52,5.801634,2
10378.55,18705.1,2.809289,2
10374.35,18709.03,29.30014,2
10373.77,18712.01,18.71508,2
10372.87,18702.04,17.40185,2
10376.55,18718.25,-14.71315,-1
10375.32,18713.83,10.80631,2
10390.29,18733.54,66.28426,5
10394.61,18740.46,74.3147,5
10393.06,18739.65,62.12708,5
10390.23,18744.82,64.91253,5
10390.96,18741.54,79.14887,5
10391.27,18741.85,50.96048,5
10394.25,18741.02,81.84183,5
10397.73,18738.52,47.2438,5
10394.44,18739.11,55.30414,5
10392.33,18733.18,67.70615,5
10392.38,18730.5,50.78106,5
10395.77,18739.28,68.18382,5
10390.07,18741.78,74.44228,5
10285.36,18768.69,22.65056,1
10284.04,18763.14,7.110486,1
10281.35,18764.57,0.5297302,1
10282.43,18769.62,5.491174,1
10387.5,18713.29,1.129138,-1
10378.08,18713.14,21.39106,2
10383.07,18716.68,28.1025,2
10365.45,18759.79,46.40545,3
10362.69,18757.28,59.11317,3
10366.02,18756.47,31.63943,3
10370.46,18754.88,47.3287,3
10368.85,18755.68,44.40585,3
10368.82,18758.37,50.15252,3
10363.89,18757.55,53.42471,3
10373.03,18766.4,52.18616,3
10364.6,18756.09,50.46439,3
10369.6,18755.68,49.72568,3
10365.49,18758.23,52.9875,3
10326.61,18757.33,37.14689,4
10394.41,18760.42,24.51578,-1
10395.86,18738.69,65.79106,5
10396.59,18734.89,38.79498,5
10396.06,18739.37,49.21185,5
10394.67,18737.44,54.89053,5
10396.59,18732.87,80.47266,-1
10364.97,18752.04,48.76397,3
10365,18755.74,57.88984,3
10374.22,18756.93,42.83003,3
10319.27,18785.42,68.88491,-1
10313.27,18773.59,56.76768,4
10310.84,18774.89,21.72788,-1
10313.32,18779.81,38.86861,4
10319.73,18775.91,39.73866,4
10314.71,18773.73,11.62392,-1
10318.42,18769.7,49.95456,4
10314.53,18774.29,34.77783,4
10315.37,18773.39,38.88342,4
10322.26,18763.3,70.07304,-1
10326.81,18765.39,63.51743,4
10327.16,18758.99,41.00495,4
10329.33,18759.17,33.44994,4
10329.31,18754.42,26.68828,4
10329.44,18761.01,58.44464,4
10398.99,18745.26,88.83622,-1
10393.56,18742.84,72.98221,5
10398.24,18740.16,34.71161,5
10394.6,18747.58,58.65125,5
10395.54,18735.68,39.91776,5
10398.04,18731.36,31.58338,-1
10386.69,18741.32,54.57064,5
10389.75,18732.75,36.46396,-1
10399.72,18735.85,46.61761,5
10389.82,18812.3,177.0175,-1
10377.04,18706.97,4.66554,2
10371.91,18710.54,11.22088,2
10371.87,18714.68,33.80811,2
10286.38,18765.61,7.594882,1
10289.68,18770.92,-11.99105,-1
10293.32,18771.1,0.2694102,1
10289.33,18774.96,0.5810949,1
10288.49,18770.97,3.33479,1
10293.84,18771.29,3.16705,1
10288.66,18770.34,7.428045,1
10289.52,18764.69,20.75153,1
10291.08,18766.19,15.45442,1
10289.07,18765.04,4.386193,1
10290.5,18764.22,3.273011,1
10286.35,18769.73,19.71097,1
10286.71,18768.71,12.6591,1
10290.42,18767.19,9.826316,1
10285.78,18776.32,-15.08284,-1
10295.17,18784.13,41.48426,-1
10330.45,18752.11,51.55647,4
10328.27,18755.57,33.01676,4
10324.35,18758.68,38.457,4
10329.65,18756.34,38.56184,4
10331.11,18758.92,42.77894,4
10327.02,18757.15,44.77354,4
10336.76,18761.31,55.10582,4
10370.29,18711.43,5.980825,2
10371.76,18711.45,32.35342,2
10378.39,18719.25,34.31167,2
10282.69,18772.26,7.603435,1
10391.47,18740.47,53.0154,5
10387.7,18740.09,56.97028,5
10386.26,18745.83,58.41853,5
10390.59,18734.74,48.69752,5
10390.78,18737.31,72.16848,5
10395.29,18737.35,69.22713,5
10392.62,18742.05,49.16662,5
10393.39,18744.15,58.99136,5
10370.58,18761.9,34.11034,3
10373.48,18757.67,45.8574,3
10328.57,18753.89,23.47814,-1
10331.42,18756.76,37.0128,4
10326.16,18756.33,49.06894,4
10324.91,18754.97,33.98615,4
10314.9,18762.64,45.91809,4
10316.16,18778.51,50.90142,4
10312.54,18775.04,44.08708,4
10312.83,18774.01,51.32043,4
10355.2,18731.97,110.8963,-1
10366.36,18750.69,58.11858,3
10366.73,18757.78,57.01046,3
10364.81,18758.83,32.91024,3
10363.25,18761.68,39.38627,3
10363.96,18753.36,55.44065,3
10366.62,18751.11,40.20024,3
10363.46,18753.49,41.89356,3
10365.22,18756.21,41.26342,3
10364.86,18756.01,29.30014,3
10367.45,18751.63,32.16877,3
10320.99,18773.57,36.67778,4
10314.41,18777.47,30.42767,4
10314.05,18775.75,56.95271,4
10309.89,18775.29,29.61881,4
10313.12,18773.83,48.76788,4
10367.38,18755.24,43.23932,3
10371.12,18704.6,13.88444,2
10367.43,18709.4,8.606111,2
10372.04,18714.26,7.786926,2
10374.2,18704.15,6.876853,2
10372.22,18712.81,11.84316,2
10376.44,18709.5,33.30473,2
10379.04,18706.42,22.99576,2
10377.09,18704.38,2.325871,2
10372.03,18702.08,16.67983,2
10374.32,18701.22,10.13209,2
10372.45,18704.09,5.275583,2
10376.06,18695.45,16.6357,-1
10378.07,18703.94,1.465422,2
10375.17,18706.49,11.92383,2
10372.14,18711.06,7.777131,2
10371.69,18710.44,25.54497,2
10379.97,18705.24,21.59025,2
10395.6,18708.93,-6.821548,-1
10314.8,18776.21,39.89548,4
10309.58,18773.55,46.07285,4
10314.18,18773.36,27.66086,4
10316.58,18770.74,42.24841,4
10313.72,18776.68,37.10224,4
10286.41,18767.4,2.562674,1
10285.42,18769.95,1.533041,1
10288.06,18769.61,5.001913,1
10286.02,18772.27,18.77578,1
10284.11,18767.65,24.10187,1
10281.17,18771.24,32.42028,1
10281.26,18772.21,15.32841,1
10278.34,18770.69,12.44933,1
10282.03,18771.18,26.48545,1
10366.44,18758.75,36.5192,3
10311.17,18768.68,66.69766,4
10310.21,18775.07,31.06505,4
10310.04,18772.64,54.23954,4
10309.86,18772.98,40.95737,4
10386.45,18775.6,29.95982,6
10390.24,18772.76,4.639176,6
10388.39,18772.82,21.11388,6
10387.83,18772.77,15.82233,6
10386.87,18767.4,43.1597,8
10387.13,18772.28,13.81253,6
10390.73,18770.46,16.71119,6
10385.6,18774.21,26.89396,6
10328.4,18756.42,32.01901,4
10323.85,18758.63,33.9579,4
10329.61,18759.06,38.90394,4
10332.86,18759.27,42.05508,4
10323.9,18761.66,46.72027,4
10317.24,18772.95,47.7912,4
10307.5,18773.4,37.58867,4
10395.26,18740.4,42.53397,5
10391.16,18734.51,49.29176,5
10371.12,18719.26,19.25097,2
10370.83,18715.28,30.87616,2
10370.96,18718.19,23.30511,2
10371.75,18715.79,23.3875,2
10372.64,18714.8,25.70488,2
10371.06,18713.63,6.037941,2
10371.36,18709.4,10.75596,2
10371.82,18717.53,17.5626,2
10364.91,18751.85,47.77948,3
10316.66,18780.3,39.2249,4
10367.89,18757.7,31.66444,3
10369.3,18758.64,25.2612,3
10316.25,18760.75,49.59278,4
10324.81,18760.81,55.93431,4
10325.26,18762.69,47.17267,4
10374.17,18708.7,27.54028,2
10370.16,18754.64,41.76844,3
10367.81,18758.82,35.02641,3
10373.61,18758.05,14.69875,-1
10371.53,18763.68,28.63548,3
10368.21,18745.15,28.82095,-1
10393.49,18732.75,69.52469,5
10393.8,18742.96,103.5208,-1
10320.54,18767.81,46.5086,4
10317.04,18776.05,42.61069,4
10311.36,18772,46.08964,4
10360.77,18735.26,29.05029,-1
10375.65,18701.92,-3.512298,2
10379.23,18698.76,-3.356916,-1
10393.13,18769.91,12.92978,6
10388.48,18770.8,9.181474,6
10386.45,18775.17,5.031682,6
10404.54,18762.28,56.60728,-1
10401.71,18773.87,41.78057,-1
10396.86,18774.81,36.87521,-1
10398.77,18767.03,55.44165,-1
10393.79,18779.02,-12.64446,-1
10385.25,18706.96,40.74493,-1
10373.35,18705.17,12.30454,2
10372.23,18708.27,25.04404,2
10372.43,18708.55,26.04506,2
10372.14,18713.71,19.38191,2
10380.01,18710.51,7.82315,2
10372.79,18717.72,33.15591,2
10392.66,18734.58,102.8663,-1
10388.32,18775.94,32.24552,6
10381.48,18773.82,10.76796,6
10385.2,18777,12.76384,6
10386.51,18775.07,17.93875,6
10384.16,18769.52,17.65398,6
10381.74,18773.75,6.871598,6
10386.87,18770,20.60635,6
10383.94,18772.38,18.82926,6
10384.52,18775.35,16.92475,6
10303.76,18789.92,36.83804,-1
10314.08,18773.16,36.87281,4
10315.88,18777.37,66.20245,4
10308.3,18782.02,31.67184,4
10384.81,18724.79,-38.73681,-1
10382.39,18708.31,-18.60652,-1
10313.9,18770.29,5.5212,-1
10314.8,18775.7,35.96024,4
10289.5,18767.06,33.50437,-1
10312.55,18776.52,46.94035,4
10313.53,18776.54,57.12774,4
10317.62,18750.71,20.30243,-1
10331.55,18766.48,45.55331,4
10330.96,18764.72,45.77123,4
10326.57,18765.39,42.85615,4
10323.26,18767.52,49.76239,4
10326.25,18764.29,38.24159,4
10347.76,18758.98,40.06171,-1
10368.01,18757.18,58.8487,3
10367.9,18754.46,37.36736,3
10370.03,18715.59,15.51138,2
10371,18714.52,19.4304,2
10377.65,18717.46,18.03398,2
10401.09,18739.19,69.61317,5
10390.55,18716.06,24.46879,-1
10367.47,18717.67,-15.80677,-1
10398.71,18748.38,55.40938,5
10395.3,18745.02,40.95323,5
10390.36,18754.92,32.36069,-1
10386.59,18754.57,19.62325,-1
10399.33,18751,63.37842,5
10386.6,18757.49,46.61488,-1
10390.6,18760.06,55.49895,-1
10396.86,18746.01,47.79404,5
10392.17,18754.28,31.91347,-1
10393.3,18741.49,52.90683,5
10385.65,18745.56,13.84627,-1
10388.89,18744.79,66.06499,5
10386.47,18741.65,52.58457,5
10392.39,18739.55,57.43235,5
10381.96,18713.84,-18.95175,-1
10281.53,18771.15,19.98764,1
10284.45,18771.45,25.00013,1
10281.1,18775.67,34.68578,-1
10287.8,18771.49,16.8145,1
10367.35,18746.31,73.20364,-1
10324.93,18778.46,145.3732,-1
10315.36,18773.57,51.02721,4
10314.97,18776.28,48.59994,4
10315.87,18775.47,49.48742,4
10317.61,18777.53,41.51072,4
10310.13,18778.34,44.29993,4
10319.17,18764.42,46.26449,4
10336.49,18786.82,69.47043,-1
10384.95,18738.3,94.09537,-1
10389.57,18743.66,27.59908,-1
10397.72,18736.37,52.43568,5
10392.61,18741.61,46.94271,5
10394.02,18745.21,45.80951,5
10393.01,18739.05,55.30301,5
10398.12,18740.77,34.13992,5
10394.08,18744.86,34.43552,5
10387.73,18749.63,40.14734,5
10304.26,18778.51,65.07507,-1
10376.47,18715.15,5.220946,2
10366.91,18726.87,3.426699,-1
10379.17,18716.32,21.49961,2
10377.36,18712.81,18.31767,2
10378.62,18710.76,-4.869667,-1
10330.07,18760.95,41.03696,4
10393.77,18744.59,78.32909,5
10395.1,18740.07,49.54045,5
10392.42,18748.59,56.74356,5
10308.79,18772.33,35.6337,4
10307.42,18779.04,66.29655,-1
10394.29,18740.76,53.95588,5
10398.28,18747.06,62.34332,5
10388.64,18768.87,10.43577,6
10383.82,18770.98,26.55618,6
10389,18772.64,0.5184708,6
10384.68,18775.05,12.48779,6
10385.86,18773.89,17.16929,6
10363.7,18715.54,28.37762,2
10369.9,18711.85,27.55093,2
10311.22,18774.79,44.98568,4
10307.5,18774.22,46.87393,4
10307.98,18778.52,46.13546,4
10311.07,18776.69,8.676297,-1
10371.56,18715.04,29.45046,2
10379.75,18717.78,40.82184,-1
10331.34,18762.31,58.22303,4
10330.27,18761.63,60.98695,4
10327.45,18756.58,70.04906,-1
10330.19,18759.08,7.3757,-1
10306.77,18774.62,56.63828,4
10313.86,18770.1,42.67841,4
10317.34,18777.48,48.16717,4
10315.81,18775.97,50.29985,4
10321.71,18780.59,42.68819,4
10392.91,18735.69,50.09708,5
10317.87,18779.7,35.86345,4
10317.73,18775.48,79.30687,-1
10310.88,18778.98,62.27884,4
10312.76,18783.94,67.37122,-1
10398.54,18790.95,4.321679,-1
10386.25,18776.2,5.13397,6
10390.38,18772.83,38.45341,8
10390.96,18773.05,39.61868,8
10389.32,18775.08,27.32392,6
10388.28,18774.38,39.92458,8
10390.02,18747.35,151.8199,-1
10381.56,18716.5,9.679583,2
10379.64,18705.26,13.09099,2
10329.3,18762.12,40.63985,4
10329.87,18758.1,19.41311,-1
10386.04,18717.05,24.09352,-1
10377.17,18698.74,15.30719,2
10369.7,18755.38,52.32515,3
10327.01,18760,39.38227,4
10327.2,18760.05,70.42636,-1
10330.14,18762.97,45.21709,4
10319.62,18762.21,57.48403,4
10324.55,18759.76,76.77692,-1
10307.95,18776.83,41.90394,4
10311.88,18773.91,43.55959,4
10319.62,18780.03,51.07599,4
10386.45,18698.31,25.59015,-1
10381.96,18702.2,13.45075,2
10380.85,18703.65,14.74426,2
10377.87,18701.17,2.225493,2
10380.35,18702.68,8.144478,2
10397.65,18695.09,16.44453,-1
10396.29,18737.31,64.56114,5
10386.76,18745.1,54.06007,5
10397.39,18747.56,42.83571,5
10330.92,18755.85,47.72575,4
10323.19,18761.2,51.78808,4
10315.8,18773.5,53.12537,4
10388.54,18770.41,7.799976,6
10324.6,18757.09,16.75713,-1
10380.23,18707.28,22.90848,2
10380.28,18707.07,6.192276,2
10379.31,18706.09,18.6473,2
10386.17,18704.32,3.214965,-1
10378.7,18704.92,33.1678,-1
10374.38,18702.19,15.73919,2
10378.2,18703.61,11.59497,2
10353.72,18699.06,11.96066,-1
10380.77,18703.94,7.560636,2
10380.32,18696.64,20.35464,-1
10368.87,18765.49,42.76834,3
10371.97,18765.81,52.84686,3
10370.71,18761.61,74.72601,-1
10372.43,18760.92,43.57816,3
10370.88,18762.59,60.19167,3
10370.55,18754.67,53.48001,3
10375.58,18759.79,36.472,3
10288.39,18768.01,31.03679,1
10288,18770.27,22.65539,1
10288.85,18769.94,18.19631,1
10286.7,18768.62,27.23096,1
10284.07,18769.06,20.99045,1
10291.4,18769.97,39.46095,-1
10283.84,18776.06,14.99995,1
10289.62,18773.87,42.92648,-1
10384.46,18709.58,25.08943,2
10379.79,18711.86,27.7247,2
10340.85,18767.32,-125.8282,-1
10391.82,18748.01,66.21429,5
10389.01,18750.36,63.02063,5
10315.34,18765.18,47.38798,4
10315.85,18776.97,33.62141,4
10376.29,18765.69,47.42914,3
10286.21,18768,46.25287,-1
10371.63,18761.26,30.63373,3
10367.32,18762.47,30.59935,3
10371.36,18764.06,25.58801,3
10317.41,18786.54,39.02984,-1
10314.42,18775.92,48.38741,4
10313.78,18779.85,48.08571,4
10308.09,18781.18,37.53696,4
10397.76,18741.62,94.78339,-1
10323.58,18780.57,66.79898,-1
10311.06,18773.8,66.78411,4
10313.1,18776.47,68.03889,4
10311.66,18776.98,41.10856,4
10310.89,18776.32,42.8609,4
10304.42,18780.9,78.65506,-1
10409.28,18757.85,61.23028,-1
10397.88,18758.12,41.55733,-1
10398.02,18765.49,50.00178,-1
10393.46,18767.69,16.37874,6
10392.22,18763.41,56.7239,-1
10322.34,18771.36,40.74088,4
10314.29,18773.7,56.81297,4
10317.81,18772.24,47.37238,4
10396.21,18744.57,73.42577,5
10395.41,18737.56,44.00402,5
10395.66,18739.84,50.96359,5
10397.53,18745.72,68.93324,5
10291.5,18768.24,14.2836,1
10285.68,18774.19,4.523477,1
10296.51,18752.6,4.564354,-1
10328.66,18760.63,45.93662,4
10327.88,18759.19,53.49797,4
10328.04,18759.42,59.24289,4
10326.71,18758.27,32.9843,4
10329.04,18758.22,39.94763,4
10323.04,18761.27,28.46503,4
10335.42,18753.08,52.15272,4
10334.51,18759.48,38.8701,4
10334.99,18750.96,37.58812,-1
10316.35,18772.6,8.985022,-1
10399.34,18740.26,75.96611,5
10384.61,18741.93,47.71904,5
10392.44,18739.09,60.71031,5
10391.26,18742.45,50.68199,5
10401.22,18740.11,42.95868,5
10399,18766.04,-14.41508,-1
10389.24,18777.46,21.18756,6
10391.98,18775.52,13.23385,6
10389.58,18772.22,12.63755,6
10390.19,18777.34,23.2588,6
10327.85,18759.97,50.09215,4
10323.71,18760.67,54.09373,4
10324.52,18762.64,31.31878,4
10334.6,18750.03,63.21706,-1
10329.04,18759.93,62.87906,4
10401.81,18732.58,73.97017,-1
10392.43,18737.35,59.28951,5
10309.33,18773.88,40.89539,4
10311.86,18777,29.64111,4
10313.74,18778.32,59.41782,4
10311.18,18774.57,46.68843,4
10313.37,18774.84,56.68686,4
10311.96,18769.73,64.40498,4
10402.25,18777.16,11.37117,-1
10389.85,18769.72,42.36697,8
10331.44,18749.64,87.68687,-1
10308.95,18772.34,35.94018,4
10319.96,18771.8,53.76945,4
10287.55,18766.31,-2.230659,1
10332.35,18754.89,49.66274,4
10328.93,18753.06,38.89983,4
10329.47,18760.11,53.64875,4
10321.13,18750.84,50.63379,-1
10314.48,18773.13,41.54726,4
10313.81,18780.01,56.72531,4
10332.24,18757.96,41.43185,4
10327.2,18759.79,53.91728,4
10329.16,18762.46,50.27246,4
10329.48,18760.6,41.75886,4
10361.12,18757.76,26.99947,3
10359.28,18754.52,50.68257,3
10362.15,18757,65.56907,-1
10370.17,18752.21,50.18753,3
10376.92,18763.99,57.92893,-1
10280.13,18780.27,-7.609769,-1
10301.38,18798.58,85.35855,-1
10311.62,18770.09,48.91476,4
10310.56,18777.92,48.46824,4
10315.67,18773.3,50.12908,4
10312.18,18780.89,74.76312,-1
10368.89,18757.9,47.7643,3
10317.66,18743.49,57.82558,-1
10320.74,18756.83,66.78278,-1
10314.22,18772.23,40.71755,4
10316.24,18771.54,47.35433,4
10313.9,18774.06,41.39423,4
10309.41,18773.67,49.65334,4
10312.64,18770.11,40.90832,4
10310.5,18769.47,54.51587,4
10314.16,18767.5,65.94064,4
10310.08,18776.3,53.55623,4
10376.16,18755.61,13.84411,-1
10368.18,18758.25,34.54321,3
10367.17,18755.16,41.88316,3
10366.21,18755.25,34.34038,3
10369.99,18751.36,42.8117,3
10366.59,18761.21,92.43842,-1
10394.67,18737.8,70.68687,5
10394.95,18745.76,58.51659,5
10394.17,18750.73,54.95983,5
10392.45,18755.71,26.96475,-1
10396.55,18741.32,45.51744,5
10395.97,18742.72,33.24223,5
10398.36,18745.59,53.96259,5
10397.42,18743.1,66.43623,5
10389.83,18743.4,63.67614,5
10399.8,18746.45,87.59921,-1
10308.23,18777.27,46.28373,4
10314.27,18777.81,55.31437,4
10311.06,18772.56,44.97012,4
10318.55,18773.98,54.28545,4
10314.25,18771.07,46.31135,4
10302.75,18789.99,93.34752,-1
10312.92,18773.79,29.879,4
10312.48,18773.07,55.28391,4
10315.19,18772.64,67.92446,4
10312.54,18773.61,43.35779,4
10288.96,18773.04,6.759859,1
10319.81,18772.94,58.24839,4
10320.63,18778.8,60.8816,4
10310.44,18775.48,41.87476,4
10316.26,18774.16,44.34543,4
10316.91,18778.18,63.16064,4
10310.12,18778.95,78.19215,-1
10315.99,18778.53,52.8367,4
10395.09,18737.18,90.96754,-1
10389.2,18749.26,51.52232,5
10284.37,18766.14,28.00845,1
10390.92,18749.13,-16.76744,-1
10399.07,18752.88,72.04325,-1
10396.96,18748.6,103.7051,-1
10395.2,18742.49,68.2296,5
10397.26,18741.56,75.31698,5
10397.07,18748.64,59.61143,5
10393.35,18739.44,44.00471,5
10386.54,18764.52,36.97895,-1
10325.86,18757.46,40.11647,4
10331.31,18762.84,60.75647,4
10334.9,18757.71,53.50676,4
10308.17,18773.46,43.63121,4
10291.14,18759.27,-15.47705,-1
10291.54,18773.11,32.2058,7
10390,18752.65,78.84543,-1
10391.11,18751.37,68.97807,5
10393.23,18753.88,74.81417,5
10398.28,18744.44,22.07835,-1
10314.66,18771.76,59.89416,4
10312.6,18771.04,56.36431,4
10316.3,18770.54,55.90516,4
10313.65,18772.96,54.47534,4
10315.77,18765.43,67.14022,4
10320.73,18775.03,60.75813,4
10392.25,18750.71,59.85571,5
10372.74,18751.39,36.5832,3
10329.09,18760.22,44.60986,4
10323.97,18761.24,74.03087,-1
10330.02,18764.43,26.34551,4
10323.02,18757.45,60.77077,4
10398.22,18738.68,105.0476,-1
10401.54,18750.04,70.04639,5
10394.38,18749.34,86.99075,-1
10311.64,18772.69,46.64138,4
10316.94,18775.33,48.64833,4
10315.04,18770.95,32.34732,4
10312.85,18770.07,43.43772,4
10318.42,18776.62,44.49554,4
10399.64,18744.44,139.5314,-1
10396.79,18739.73,53.05716,5
10397.1,18739.09,63.34386,5
10384.4,18770.56,31.76432,6
10392.06,18780.63,58.42971,-1
10327.59,18780.62,46.11227,-1
10332.79,18762.04,36.43893,4
10336.01,18754.45,46.06796,4
10313.79,18758.45,63.60676,-1
10329.72,18762.2,46.77187,4
10289.47,18764.26,10.21846,1
10289.82,18769.95,9.754231,1
10387.8,18694.15,9.360969,-1
10387.59,18689.99,8.824224,-1
10389.8,18694.57,12.77061,-1
10389.85,18703.01,12.96733,-1
10382.2,18711.4,21.12993,2
10378.67,18709.87,21.23006,2
10385.48,18714.77,38.86274,-1
10390.01,18708.35,34.07859,-1
10376.99,18709.4,0.8448112,2
10379.3,18717.25,24.62144,2
10334.98,18760.33,43.16056,4
10329.95,18752.83,44.87766,4
10326.06,18755.43,54.74945,4
10366.59,18780.21,70.10992,-1
10373.87,18760.66,42.69482,3
10368.71,18761.88,52.86559,3
10367.9,18759.1,55.82674,3
10381.93,18767.22,47.97408,3
10365.77,18761.79,55.3593,3
10365.42,18760.79,50.306,3
10367.99,18759.32,38.21865,3
10370.29,18776.78,95.39515,-1
10313.25,18769.58,64.09215,4
10315.7,18774.63,39.32173,4
10373.62,18745.78,43.78925,-1
10313.77,18776.47,39.2757,4
10319.91,18776.61,53.58079,4
10367.71,18758.37,50.00852,3
10367.43,18757.34,58.63906,3
10305.92,18772.85,53.54679,4
10371.74,18756.06,63.96037,-1
10371.24,18749,58.42532,3
10389.08,18740.15,97.94433,-1
10392.4,18741.33,67.79893,5
10369.38,18751.37,38.66557,3
10320.74,18768.97,36.84018,4
10325.02,18773.13,50.97977,4
10318.87,18766.58,60.22925,4
10371.67,18758.62,29.18302,3
10304.87,18767.05,90.79147,-1
10317.91,18780.18,42.05697,4
10290.32,18763.99,-16.578,-1
10281.37,18763.04,127.9443,-1
10388.91,18747.52,56.19318,5
10392.02,18730.21,91.43346,-1
10390.88,18742.05,56.21773,5
10397.52,18739.15,79.0839,5
10391.22,18749.36,38.15791,5
10393.54,18747.53,37.18377,5
10396.33,18748.34,60.30522,5
10394.25,18744.67,39.23345,5
10398.31,18742.77,38.63216,5
10400.32,18734.01,56.97419,5
10367.7,18759.69,92.12961,-1
10381.24,18757.09,38.20507,-1
10312.83,18768.85,52.86949,4
10380.21,18740.63,135.022,-1
10312.78,18767.46,41.226,4
10313.97,18773.04,54.65454,4
10405.44,18781.82,80.45526,-1
10386.08,18771.86,38.39521,8
10366.42,18747.84,41.86275,3
10405.86,18738.04,47.90239,-1
10399.81,18742.2,64.84304,5
10329.22,18764.76,67.29013,4
10328.99,18754.05,38.71419,4
10316.42,18765.38,60.84708,4
10325.78,18758.43,15.34998,-1
